<?xml version="1.0" encoding="UTF-8"?>
<project-private xmlns="http://www.netbeans.org/ns/project-private/1">
    <editor-bookmarks xmlns="http://www.netbeans.org/ns/editor-bookmarks/2" lastBookmarkId="0"/>
    <open-files xmlns="http://www.netbeans.org/ns/projectui-open-files/2">
        <group>
            <file>file:/C:/wamp/www/phpmysql/getstate.php</file>
            <file>file:/C:/wamp/www/phpmysql/checkemail.php</file>
            <file>file:/C:/wamp/www/phpmysql/product.php</file>
            <file>file:/C:/wamp/www/phpmysql/front.php</file>
            <file>file:/C:/wamp/www/phpmysql/clothes.php</file>
            <file>file:/C:/wamp/www/phpmysql/product3.php</file>
            <file>file:/C:/wamp/www/phpmysql/desc.php</file>
            <file>file:/C:/wamp/www/phpmysql/header.php</file>
            <file>file:/C:/wamp/www/phpmysql/login.php</file>
            <file>file:/C:/wamp/www/phpmysql/buy.php</file>
            <file>file:/C:/wamp/www/phpmysql/mycart.php</file>
            <file>file:/C:/wamp/www/phpmysql/electronics1.php</file>
            <file>file:/C:/wamp/www/phpmysql/addcart.php</file>
            <file>file:/C:/wamp/www/phpmysql/register.php</file>
            <file>file:/C:/wamp/www/phpmysql/login1.php</file>
            <file>file:/C:/wamp/www/phpmysql/showrecord.php</file>
            <file>file:/C:/wamp/www/phpmysql/product2.php</file>
        </group>
    </open-files>
</project-private>
